question,answer
What is the main message of parenting?,Empathy is the foundation of emotionally healthy parenting and must begin from infancy.
Why is empathy important from infancy?,Infants rely on caregivers to interpret and respond to their non-verbal cues for emotional development.
What are the dangers of emotionally absent parenting?,"It can lead to feelings of confusion, abandonment, and early emotional trauma."
How do babies communicate their emotional needs?,"Through crying, body language, facial expressions, and physiological cues."
What can happen when parents ignore or misread a baby's emotional signals?,"The baby may feel unsafe, and this can disrupt the development of secure attachment."
Can a child remember experiences from infancy?,"Not consciously, but emotional memories can shape their nervous system and personality development."
How can I become more emotionally attuned to my infant?,"By slowing down, observing carefully, responding consistently, and staying emotionally present."
What is the long-term benefit of early empathic parenting?,"It builds a strong foundation for resilience, empathy, trust, and emotional intelligence."
Is physical care enough for a baby's development?,No. Emotional care is equally essential for a baby's mental health and personality formation.
How do I repair moments when I was not emotionally present?,"By acknowledging it, re-connecting through warmth and presence, and committing to being more aware."
What mindset supports empathy in parenting?,"Curiosity, emotional availability, and willingness to see the world from the child's perspective."
What does overprotectiveness mean in parenting?,"Overprotectiveness is when parents try too hard to shield their child from discomfort, risks, or mistakes, often by controlling their routines or choices."
Why is overprotectiveness a concern in early childhood?,"It can limit the child's ability to explore, develop independence, and learn from natural consequences."
Isn't it my job to protect my child from all harm?,"Yes, but children also need to experience manageable challenges to build confidence and resilience."
How do I know if I'm being too overprotective?,"If you're constantly interrupting play, controlling their daily schedule rigidly, or making most decisions for them, you may be overprotecting."
What are the emotional effects of overprotectiveness?,"Children may become anxious, emotionally dependent, and hesitant to try new things."
Can overprotectiveness cause behavioral issues?,"Yes, children may act out, throw tantrums, or become withdrawn when they lack autonomy."
What does it mean to respect a child's autonomy?,"It means allowing them to make small choices, explore safely, and develop confidence through experience."
Is forcing routines like wake-up time or meal time harmful?,"When done without regard for the child's cues, it can disrupt emotional regulation and increase stress."
How can I encourage independence while still being protective?,"Offer choices, set safe boundaries, and guide rather than control. Observe and support without micromanaging."
Can overprotectiveness affect how my child interacts socially?,"Yes. It can make them overly dependent, fearful of new situations, or unsure of how to interact with others."
How do I begin to ease up on control?,"Start small allow free play without interruption, let your child choose clothes or snacks, and observe without immediately stepping in."
What is 'forced care' in early parenting?,"Forced care involves imposing routines like waking, feeding, talking, or stopping play on a child without respecting their emotional readiness or cues."
Why is forced care problematic for infants and toddlers?,"It can lead to emotional withdrawal, anxiety, and resistance, and can damage trust between the child and caregiver."
Isn't encouraging speech or routines a good thing?,"Encouragement is good when done gently, but pressuring a child to perform can backfire and delay development."
What are examples of forced care?,"Examples include forced talking, waking a child early, pushing food when they're not hungry, and interrupting play without warning."
Can forced care affect language development?,"Yes. Pressuring a child to talk can make them withdraw. Natural, joyful communication is more effective for speech development."
How does forced care affect emotional health?,"It can increase stress, cause resistance, and lead to emotional shutdown or dependency."
Is it harmful to force a child to stop playing for another activity?,Yes. Sudden interruptions can create frustration and behavioral issues. Transitions should be gradual and respectful.
Can I still guide routines without being forceful?,Yes. Use flexible routines that adapt to your child's needs and include choices to promote cooperation.
What if my child doesn't want to eat or sleep when I think they should?,Respect their cues. Forcing these activities can lead to negative associations. Try gentle routines and emotional attunement.
What's the difference between guidance and forced care?,Guidance respects the child's pace and emotions. Forced care disregards them and imposes control.
Can I reverse the effects if I've used forced care before?,"Yes. Shifting to a more empathetic, responsive approach can rebuild trust and support healthy development."
Why are routines important for infants and toddlers?,"They provide predictability and emotional security, helping children feel safe and supported in their daily environment."
What happens when there is no daily routine?,"Children may become irritable, anxious, have trouble sleeping or eating, and struggle with transitions."
Can routines really help reduce tantrums?,"Yes. Predictable routines help children anticipate what comes next, reducing anxiety and emotional outbursts."
Isn't being flexible better than being rigid with routines?,"Flexibility is important, but some consistent structure is crucial for emotional regulation and developmental health."
How do routines support sleep habits?,"Consistent bedtime routines signal the brain to wind down, promoting better sleep quality and emotional balance."
Can irregular mealtimes affect my child's mood?,"Yes. Skipping or delaying meals can lead to hunger-related irritability, poor focus, and meltdowns."
What are some signs my child may need more structure?,"Frequent tantrums, clinginess, sleep issues, and trouble handling changes may indicate a need for routine."
How do I start building a routine if I haven't had one?,"Begin with simple anchors like regular wake-up, meals, and bedtime. Build gradually and stay consistent."
Should all caregivers follow the same routine?,Yes. Consistency across caregivers helps reinforce the routine and gives the child a sense of stability.
How can I make routines fun for my toddler?,"Use songs, visual charts, or playful rituals to make routines engaging and easier to follow."
Can routines support brain development?,Absolutely. Repetition and predictability help form neural connections that support learning and self-regulation.
What does it mean to see from a child's perspective?,"It means understanding and honoring your child's emotional and developmental readiness, fears, and needs instead of projecting adult expectations onto them."
Why is it harmful to overlook a child's emotional readiness?,"Pushing children into experiences they're not ready for can create fear, anxiety, or trauma, even if the parent has good intentions."
Can a fun activity become traumatic if the child isn't ready?,"Yes. Forcing children into activities like swimming, pet interaction, or loud environments can cause distress if they feel unsafe or unprepared."
What are some common parenting behaviors that ignore a child's perspective?,"Examples include startling for fun, tossing in the air, forcing social interaction, and ignoring crying to encourage independence."
What is silent trauma and how is it caused?,Silent trauma refers to emotional wounds caused by overlooked or dismissed experiences that were frightening or overwhelming to the child.
How can I tell if my child is overwhelmed?,"Watch for withdrawal, crying, clinging, or refusal to participateÃ¢Â€Â”these are cues they may be emotionally flooded."
Is it narcissistic to push my child toward milestones for my own validation?,"Yes, when a parent prioritizes their image or agenda over the child's emotional well-being, it can be a form of parental narcissism."
How can I shift toward seeing through my child's eyes?,Pause and ask yourself how the situation might feel to your child. Validate their feelings and proceed at their pace.
Why do children need empathy even in small situations?,"Empathy in everyday interactions builds trust, emotional safety, and secure attachmentÃ¢Â€Â”all foundational for healthy development."
Can early invalidation lead to long-term emotional issues?,"Yes. Repeated dismissal of feelings can result in low self-esteem, anxiety, and trouble trusting others later in life."
What's a healthy way to introduce new experiences?,"Go slowly, observe your child's reactions, provide comfort, and allow them to engage at their own pace without pressure."
What is stranger anxiety in infants?,"It is a normal developmental phase where infants show fear or distress around unfamiliar people, typically starting around 6 to 9 months."
Why does stranger anxiety happen?,"It reflects the infant's growing ability to recognize familiar vs. unfamiliar faces, signaling healthy attachment and cognitive development."
Is stranger anxiety a sign of something wrong?,No. It's a healthy and expected part of emotional and social development.
What are signs my infant is experiencing stranger anxiety?,"Crying, clinging to caregivers, turning away, or showing distress when approached by someone unfamiliar."
What can happen if I ignore my child's stranger anxiety?,"It can lead to increased anxiety, weakened trust, and potential social withdrawal or attachment issues."
Is it okay to force my baby to interact with strangers to 'toughen them up'?,No. Forcing interaction can intensify fear and damage trust in caregivers.
How should I introduce my infant to new people?,Do it gradually and while holding the infant. Let them observe and warm up at their own pace.
How can I support my infant during stranger anxiety?,"Offer comfort, stay close, respond to distress signals, and avoid pushing them into uncomfortable interactions."
Can stranger anxiety affect future relationships?,"If mishandled, yes. Ignoring it may contribute to difficulty in trusting others or forming healthy social bonds."
What should I tell friends or relatives who want to hold my baby?,Explain that your baby is going through a normal phase and needs time to adjust before physical interaction.
Does stranger anxiety go away on its own?,"Yes, with proper support and sensitive handling, most children grow out of it as their confidence and social skills develop."
What are fear-based tactics in parenting?,"These include using threats, scary figures, or fear of punishment to control a child's behavior."
Why do some parents use fear tactics?,They often believe it leads to immediate obedience or are repeating cultural or generational patterns.
Are fear tactics effective in the long term?,No. They may get quick compliance but damage emotional security and trust over time.
What are examples of fear-based tactics?,"Threatening with monsters, the police, religious punishment, abandonment, or strict figures like 'scary teachers.'"
What are the emotional effects of using threats on children?,"They may develop anxiety, nightmares, clinginess, or mistrust toward authority."
Can fear tactics affect a child's sense of safety?,"Yes. When caregivers introduce fear, children may no longer see them as a safe base."
What are healthier ways to discipline instead of fear?,"Use empathy, explain consequences, set clear boundaries, and use positive reinforcement."
Is it harmful to say things like 'the police will come get you'?,Yes. It can create fear of authority figures and damage the child's ability to trust or seek help.
Can threats impact long-term emotional development?,"Yes. Children may struggle with self-esteem, develop chronic anxiety, or use fear tactics themselves."
What if fear-based parenting was used on me and I turned out okay?,"While many people adapt, it doesn't mean it's healthy. More supportive approaches lead to better emotional outcomes."
How can I break the cycle of fear-based parenting?,"Start by reflecting on your triggers, learning positive discipline strategies, and seeking support if needed."
Why is reconnecting with my child after being apart during the day important?,Reconnection helps rebuild emotional security and attachment that may be stressed by separation.
Can infants feel stressed by daytime separation from parents?,"Yes. Even very young children can experience emotional stress from prolonged separation, often shown as fussiness or clinginess."
What are signs my baby is struggling with separation?,"Increased fussiness in the evening, sleep disturbances, clinginess, or irritability after you return."
Is it enough to just be physically present with my baby after work?,"No. Emotional presenceÃ¢Â€Â”being attuned, responsive, and engagedÃ¢Â€Â”is key to meaningful reconnection."
What are some good ways to reconnect after a day apart?,"Cuddling, singing, reading together, talking about your day, and making eye contact all support bonding."
Can daily separation affect attachment security?,"If not balanced with quality reconnection, yes. It may lead to anxious or insecure attachment patterns."
How can I build a strong bond even if I work full-time?,"Prioritize short, focused periods of undivided attention and create consistent routines around reunions."
Why is it important to talk to my baby even if they can't understand words yet?,"Your tone, expressions, and presence communicate love and security, which are essential for emotional development."
Should I feel guilty for leaving my child during the day?,Guilt isn't helpfulÃ¢Â€Â”what matters most is how you reconnect and nurture the bond when you're together.
What is 'mindful interaction' with my baby?,"It means being fully presentÃ¢Â€Â”no phone, no distractionsÃ¢Â€Â”just focused time responding to your child's cues and needs."
Can bedtime routines help with reconnection?,"Yes. A consistent, calming bedtime ritual can provide emotional closure to the day and restore connection."
What does 'hindering exploration' mean in parenting?,"It refers to limiting a child's ability to move freely, try new things, or solve problems independently out of fear or overcontrol."
Why is exploration important for young children?,"It helps them build confidence, learn about their environment, and develop cognitive and motor skills."
How can I tell if I'm unintentionally hindering exploration?,"If you're constantly saying 'no,' physically restraining, or stepping in too quickly to help, you might be limiting their natural curiosity."
Isn't it safer to prevent my child from climbing or moving around too much?,"While safety is important, over-restricting can prevent them from developing balance, problem-solving, and risk assessment skills."
Can hindering exploration affect emotional development?,"Yes. It may lead to frustration, dependency, and fear of trying new things."
What's a healthy way to support safe exploration?,"Create a child-proofed space where they can move freely, observe from a distance, and step in only when truly needed."
Should I help every time my child struggles with a toy or task?,No. Allowing them to struggle a little builds perseverance and creativity.
Can saying 'be careful' too often discourage exploration?,"Yes. Frequent warnings can instill fear or self-doubt. Instead, guide them calmly and model safe behavior."
How can I encourage independence without neglecting safety?,"Offer choices, provide opportunities to try age-appropriate tasks, and let them take safe risks."
Why do some parents unintentionally hinder exploration?,"Often due to anxiety, perfectionism, or fear of injuryÃ¢Â€Â”wanting to protect the child but at the cost of learning."
What are signs of a confident explorer in toddlers?,"They move around freely, test boundaries, try to solve problems on their own, and show curiosity about their surroundings."
Why do parental reactions to accidents matter?,Children often look to their caregivers to interpret how serious a situation is. Overreacting can heighten their fear and create anxiety.
Can my facial expression alone increase my child's fear after an accident?,Yes. Children read emotional cues very closelyÃ¢Â€Â”fearful or panicked expressions can make them think something is worse than it is.
Is it bad to show concern when my child gets hurt?,"Concern is natural, but staying calm and supportive helps your child stay emotionally regulated."
What should I do when my child has a minor fall or injury?,"Stay calm, make eye contact, offer comfort, and use reassuring language to help them feel safe."
Can overreacting to small accidents cause long-term anxiety?,Yes. Repeated intense reactions can make a child fearful of physical activity or overly sensitive to pain.
How can I model calmness during accidents?,"Take a deep breath, use a soft voice, and provide gentle reassurance before addressing the physical injury."
Should I ignore minor accidents completely?,"No. Acknowledge the event with empathy, but don't panic. This balance shows care without instilling fear."
Can parental reactions influence how a child responds to future challenges?,Yes. Children who see calm reactions learn to manage emotions better and become more resilient.
What if my child cries even if the injury isn't serious?,Validate their feelings without dramatizing the event. Offer comfort and let them express emotions safely.
Why do some children become very anxious after repeated accidents?,"If each accident is met with intense or fearful reactions from adults, children may internalize fear and expect danger everywhere."
How can I prepare myself to respond better to accidents?,"Practice mindfulness, remind yourself to stay calm, and have a mental script ready, like 'You're okay, I'm here with you.'"
Why do infants and toddlers have tantrums?,"Tantrums are a normal part of development and often occur when children are overwhelmed, frustrated, or unable to communicate their needs."
Is it bad or abnormal for my baby to have tantrums?,"No. Tantrums are expected and developmentally appropriate. They signal emotional overload, not bad behavior."
What triggers most tantrums in young children?,"Common triggers include hunger, fatigue, overstimulation, sudden transitions, or not getting what they want."
How should I respond during a tantrum?,"Stay calm, ensure the child is safe, and offer emotional support without trying to control or stop the outburst immediately."
Should I ignore my child's tantrum?,"No. While you shouldn't give in to unreasonable demands, your child still needs to feel seen, safe, and supported."
Can yelling or punishing stop tantrums effectively?,No. Harsh reactions can increase fear and prolong emotional dysregulation. Calm connection works better.
What can I do to reduce tantrums over time?,"Establish routines, offer choices, stay consistent, and teach emotional vocabulary as your child grows."
Is distraction a good strategy during a tantrum?,It can help if used gently and not as avoidance. Redirecting attention can de-escalate when the child is mildly upset.
What should I avoid doing during a tantrum?,"Avoid shaming, mocking, yelling, or walking away coldly. These responses can damage trust and attachment."
How do I help my child recover after a tantrum?,"Offer comfort, name the emotion they felt, and reconnect through cuddling or calm conversation."
Can how I handle tantrums affect my child's emotional future?,Yes. Responding with empathy and regulation helps children develop emotional intelligence and resilience.
What does excessive control in potty training mean?,"It refers to pushing a child to use the toilet on a strict schedule or with force, without respecting their readiness or emotional comfort."
Why is readiness important in potty training?,Children develop the physical and emotional ability to control elimination at their own pace. Forcing the process can cause resistance or anxiety.
What are signs my child is ready for potty training?,"Signs include staying dry for longer periods, showing interest in the toilet, awareness of bodily functions, and the ability to follow simple instructions."
Can forcing potty training lead to problems?,"Yes. It can cause fear, withholding, constipation, shame, and power struggles."
What happens if I scold my child for accidents?,"It can increase stress and make them afraid of trying, which may lead to more accidents or emotional withdrawal."
How can I support my child without pushing?,"Encourage gently, celebrate small successes, stay calm during accidents, and offer choices to increase their sense of control."
Should I use rewards or punishment during potty training?,"Rewards can be motivating when used positively, but punishment or pressure is harmful and counterproductive."
Is it okay to compare my child's progress with others?,No. Every child develops at their own pace. Comparisons can create unnecessary pressure and shame.
What if my child resists potty training completely?,Back off and wait a few weeks. Resistance often signals emotional unreadiness.
How long should potty training take?,"It varies. Some children train in days, others take weeks or months. Patience and consistency are key."
Can potty training experiences affect self-esteem?,"Yes. A supportive process builds confidence, while a controlling or shaming approach can lead to long-term self-doubt or embarrassment."
What does shifting attention mean in expanding families?,It refers to the reduced time and focus on the infant or toddler when a new sibling is born or other family responsibilities increase.
Why is this shift in attention a concern?,Infants and toddlers still need consistent emotional presence. A sudden drop in engagement can lead to feelings of insecurity or abandonment.
How might an older infant react when a new sibling arrives?,"They may become clingy, regress in behavior, show jealousy, or act out for attention."
Is it normal for toddlers to misbehave when a new baby comes?,Yes. Misbehavior is often a way of expressing the need for attention and reassurance.
What can I do to maintain connection with my older child after a new baby is born?,"Carve out one-on-one time, involve them in caring for the baby, and validate their feelings with empathy."
Can infants feel emotional neglect even if their physical needs are met?,"Yes. Emotional attunementÃ¢Â€Â”eye contact, responsive talking, and touchÃ¢Â€Â”is essential, not just physical care."
What are signs that my older child is struggling with the attention shift?,"Look for increased tantrums, sleep issues, withdrawal, or aggressive behavior toward the baby."
Is it okay to expect the older child to be more independent now?,Only to a reasonable degree. They still need nurturing and reassurance to feel secure.
How can I prevent rivalry or resentment between siblings?,"Avoid comparisons, celebrate each child's uniqueness, and ensure both receive attention and affection."
What role can the other parent or caregiver play?,"They can provide individual attention to the older child, helping to maintain emotional balance in the home."
Will this phase pass on its own?,"With consistent love and connection, most children adapt well. But neglecting their emotional needs can have lasting effects."
What does it mean to underestimate a child's emotional needs as they grow?,"It means assuming older children need less emotional support, when in fact, their emotional world becomes more complex."
Do emotional needs decrease as children get older?,"No. They often increase, even if expressed differently. Older children need understanding, validation, and connection."
Why do some parents shift focus away from emotional support after toddlerhood?,Parents may believe their child is more independent or may focus more on academics and behavior than emotional health.
How might a growing child express unmet emotional needs?,"Through tantrums, withdrawal, defiance, anxiety, or excessive clinginess."
Can older children experience silent emotional struggles?,"Yes. They may internalize their feelings, especially if they believe emotions aren't welcome or understood."
What are signs I'm not meeting my child's emotional needs?,"Disconnection, frequent meltdowns, avoidance, or difficulty expressing feelings may signal unmet emotional needs."
How can I stay emotionally connected with my growing child?,"Spend quality time, listen without judgment, ask open-ended questions, and show empathy regularly."
Is it okay to expect older children to self-regulate more?,"Yes, but they still need guidance, co-regulation, and emotional coaching to build these skills."
How can school-age kids benefit from emotional support at home?,"It boosts confidence, helps manage peer pressure, supports learning, and improves mental health."
Do I need to change how I express care as my child grows?,"Yes. As children mature, they may need more verbal affirmation, respectful conversation, and private bonding moments."
What happens if emotional needs are consistently overlooked?,"Children may develop low self-worth, struggle with emotional regulation, and have difficulty forming secure relationships."
Why is excessive screen time a concern for young children?,"It can interfere with brain development, sleep, language acquisition, and emotional regulation."
How much screen time is safe for infants and toddlers?,"The American Academy of Pediatrics recommends no screen time for children under 18 months, and limited, high-quality content for ages 18-24 months."
What are the signs that my child is getting too much screen time?,"Signs include irritability when screens are removed, reduced interest in play, delayed speech, poor sleep, and shorter attention span."
Can screen time affect my child's emotional development?,Yes. It can reduce opportunities for face-to-face interaction and emotional learning through human connection.
Is educational content okay for young children?,"Educational content can be helpful in moderation, especially when watched together with a caregiver who engages in conversation."
What's the impact of screen time on sleep?,ScreensÃ¢Â€Â”especially before bedÃ¢Â€Â”can disrupt sleep by overstimulating the brain and suppressing melatonin.
How can I reduce screen time without causing meltdowns?,"Use routines, offer engaging alternatives like play or reading, and be consistent with limits."
What should I do instead of handing over a screen during meals or errands?,"Offer books, simple toys, or engage your child in conversation and observation of the surroundings."
Can screens replace social interaction?,"No. Real social interaction is essential for developing empathy, communication, and social confidence."
Is background TV harmful if my child isn't actively watching?,Yes. Background TV can still distract and reduce the quality of play and parent-child interaction.
How can I model healthy screen habits as a parent?,"Limit your own screen use around your child, engage in screen-free activities, and be fully present during caregiving moments."
What is voluntary play?,"Voluntary play is child-initiated, self-directed activity done for enjoyment and exploration, without external pressure or goals."
Why is voluntary play important for children?,"It supports brain development, creativity, emotional regulation, problem-solving, and social skills."
Is structured learning more beneficial than free play?,"Not necessarily. Free play nurtures curiosity and emotional health, which are essential foundations for learning."
Can lack of voluntary play affect development?,"Yes. Children deprived of free play may show less creativity, poor social skills, and increased anxiety or frustration."
What does voluntary play look like for toddlers?,"It includes pretend play, exploring objects, movement games, and interacting with peers or caregivers spontaneously."
How can I encourage voluntary play at home?,"Provide open-ended toys, reduce screen time, allow unstructured time, and avoid over-scheduling activities."
Is all play created equal?,No. Play that is overly adult-directed or focused on achievement may reduce intrinsic motivation and joy.
Can play be educational even if it's not structured?,"Absolutely. Children learn best through joyful exploration, which supports cognitive and emotional growth."
Why do some parents undervalue play?,Cultural pressure to focus on academics or achievement can lead parents to prioritize structured learning over play.
How does play support emotional health?,"Play provides a safe space for expressing feelings, working through fears, and building emotional resilience."
What happens when play is constantly interrupted?,"It can disrupt focus, reduce a child's ability to enter imaginative states, and diminish emotional satisfaction from play."
Why are boundaries important in early childhood?,"Boundaries help children feel safe, understand expectations, and develop respect for themselves and others."
What happens if I delay teaching boundaries?,"It can lead to confusion, behavioral problems, difficulty in relationships, and challenges with self-regulation."
Can teaching boundaries hurt a child's sense of freedom?,No. Healthy boundaries actually support emotional security and allow freedom within safe limits.
What are signs my child needs clearer boundaries?,"Frequent defiance, testing limits, tantrums, and difficulty with transitions may indicate unclear boundaries."
How can I teach boundaries without being harsh?,"Be consistent, use calm but firm language, explain the reason behind the limit, and follow through with consequences."
Is it okay to change boundaries depending on the situation?,"Some flexibility is okay, but inconsistent boundaries can confuse children. Clarity and follow-through are key."
At what age should I start teaching boundaries?,As early as toddlerhood. Simple limits like 'no hitting' or 'we clean up after play' help build emotional structure.
How do boundaries help with emotional development?,"They teach children self-control, empathy, and respect for others' space and needs."
What if my child cries when I enforce a boundary?,"Stay calm and empathize, but hold the boundary. Comforting your child while maintaining the limit builds trust."
Should boundaries be the same for every child?,"Basic safety and respect rules should be consistent, but individual needs and temperaments can influence how boundaries are taught."
Can a lack of boundaries affect school readiness?,"Yes. Children without boundaries may struggle with rules, peer interaction, and focus in a classroom setting."
What is silent trauma in infancy?,"Silent trauma refers to emotional wounds caused by neglect, misattunement, or fear that go unnoticed because the child cannot verbally express distress."
Can infants really experience trauma without us realizing?,Yes. Infants are highly sensitive and can absorb emotional stress from their environment or caregiving experiences.
What causes silent trauma in infants?,"Causes include inconsistent care, emotional unavailability, parental stress, harsh handling, or sudden separations."
How is silent trauma different from obvious trauma?,"Obvious trauma involves visible harm or crisis, while silent trauma is internalized and often overlooked but still deeply affects development."
What are signs that an infant may be experiencing silent trauma?,"Signs may include excessive fussiness, sleep issues, flat affect, difficulty soothing, or lack of eye contact."
Why is it hard to detect silent trauma in babies?,"Infants cannot verbalize their feelings, so signs are subtle and can be misread as temperament or typical behavior."
How does silent trauma affect brain development?,"It can disrupt emotional regulation, attachment formation, and stress-response systems in the brain."
Can silent trauma in infancy affect future relationships?,"Yes. It may lead to insecure attachment, anxiety, trust issues, or difficulty regulating emotions later in life."
What should I do if I suspect my baby has experienced silent trauma?,"Increase attunement, offer consistent nurturing care, and consider guidance from an infant mental health specialist."
Is recovery from silent trauma possible?,"Yes. Early, responsive, and loving caregiving can help heal and rewire the brain's emotional systems."
How can I prevent silent trauma as a parent or caregiver?,"Be emotionally present, responsive to cues, gentle in physical handling, and attuned to your child's needs."
What is the difference between discipline and punishment?,"Discipline teaches and guides behavior through empathy and structure, while punishment focuses on causing discomfort or fear to control behavior."
Why do parents often confuse discipline with punishment?,Many parents were raised with punishment and believe it's the only way to teach right from wrong.
Is punishment effective in the long term?,"No. It may stop behavior temporarily but often creates fear, resentment, or shame without teaching self-regulation."
What does healthy discipline look like?,"Healthy discipline includes setting clear expectations, consistent follow-through, and respectful communication."
Can punishment harm the parent-child relationship?,Yes. It can erode trust and make children feel emotionally unsafe or misunderstood.
What are some examples of discipline vs. punishment?,Discipline: 'Let's clean up together.' Punishment: 'Go to your room for making a mess.'
How does discipline support emotional development?,"It teaches self-control, responsibility, and empathy in a safe, supportive environment."
Is it okay to use time-outs?,Time-outs can be helpful if used calmly to teach regulationÃ¢Â€Â”not as isolation or shaming tactics.
What should I do instead of yelling or spanking?,"Use calm correction, natural consequences, and model problem-solving behavior."
Can a child still learn right from wrong without punishment?,"Yes. Consistent, loving discipline is more effective for long-term moral and emotional development."
How can I break the cycle of punitive parenting?,"Reflect on your triggers, learn positive discipline strategies, and seek support or resources when needed."
Why are chores important for young children?,"Chores teach responsibility, build self-esteem, and help children feel like valued members of the family."
What happens if I don't give my child any responsibilities?,"They may struggle with independence, lack confidence, and expect others to manage their environment."
At what age can children start helping with chores?,Even toddlers as young as 2-3 can help with simple tasks like putting toys away or wiping spills.
What are some age-appropriate chores for toddlers?,"Putting toys in bins, placing laundry in hampers, helping set the table, or feeding pets."
Will chores overwhelm my young child?,"Not if they are age-appropriate and presented as fun, meaningful contributions."
How do chores build independence?,"They give children a sense of ownership, teach cause-and-effect, and foster problem-solving skills."
Can chores actually make my child more cooperative?,Yes. Children who feel included in household routines are more likely to be cooperative and self-regulated.
How can I make chores motivating?,"Use encouragement, turn tasks into games, and celebrate small successes without over-rewarding."
Is it okay to redo a chore my child did imperfectly?,"Yes, but do it discreetly or together so they don't feel shamed or discouraged."
Should I give rewards for doing chores?,"Occasional rewards are fine, but intrinsic motivation is best nurtured through praise, consistency, and modeling."
What message does skipping chores send to a child?,"It may signal that responsibility isn't expected from them, leading to entitlement or dependence on adults."
What is authoritative discipline?,"Authoritative discipline combines high expectations with warmth, responsiveness, and clear communication."
What happens when authoritative discipline lacks empathy?,"It can become controlling or rigid, leading to fear or resentment rather than trust and cooperation."
Can rules and empathy coexist in parenting?,Yes. Setting boundaries with understanding and emotional support strengthens trust and emotional resilience.
What are signs that my discipline style lacks empathy?,"If your child seems fearful, shuts down, or obeys without understanding, empathy may be missing."
How can I make discipline more empathetic?,"Validate your child's feelings, explain the reasons for rules, and remain emotionally available during correction."
Why is empathy important when correcting behavior?,"Empathy helps children feel safe, understood, and more open to learning and cooperation."
Does being empathetic mean being permissive?,No. Empathy involves firm boundaries delivered with compassionÃ¢Â€Â”not giving in to demands.
How does empathy during discipline affect long-term development?,"It builds emotional intelligence, self-regulation, and a secure parent-child relationship."
Can discipline without empathy lead to rebellion?,"Yes. Children may comply outwardly but develop internal resistance, resentment, or act out later."
What's an example of an empathetic discipline approach?,"Instead of saying, 'Stop crying or go to your room,' try, 'I see you're upset. Let's calm down together and talk about it.'"
How can I balance firmness and empathy in discipline?,"Be consistent with rules, but approach each situation with curiosity, validation, and calm presence."
What does privacy invasion mean in parenting?,"It refers to over-monitoring or intruding into a child's personal space, thoughts, or activities without respecting their need for autonomy."
Is it wrong to check my child's belongings or messages?,It depends on the child's age and situation. Repeated checking without reason can damage trust.
Why do some parents invade their child's privacy?,"Often due to fear, control, or the belief that it's necessary for protection."
Can invading privacy backfire?,"Yes. It can lead to secrecy, rebellion, resentment, and breakdown of open communication."
When should I respect my child's privacy?,"As early as toddlerhood, children need to feel a sense of ownership over their space, body, and emotions."
How does respecting privacy support development?,"It fosters trust, independence, and a healthy sense of boundaries and self-respect."
Can I still supervise my child without invading privacy?,"Yes. Supervise through open dialogue, agreed boundaries, and respectful monitoring when needed."
What are signs that I may be invading my child's privacy too much?,"Your child becomes withdrawn, defensive, hides things, or avoids communication."
Is it okay to ask personal questions if my child seems secretive?,"Yes, but ask with empathy and curiosityÃ¢Â€Â”not interrogation."
How do I rebuild trust after a privacy violation?,"Acknowledge your overstep, express understanding, and involve your child in setting future boundaries."
Can respecting privacy strengthen the parent-child bond?,Absolutely. Children who feel respected are more likely to confide in and trust their caregivers.
Why is including both caregivers after divorce important?,Children benefit from continued relationships with both parents. Exclusion can cause emotional confusion and loyalty conflicts.
What happens when one parent is excluded from the child's life?,"The child may feel torn, rejected, or responsible. It can lead to anxiety, behavior problems, and relationship issues."
Is it harmful to speak negatively about the other parent?,"Yes. It can damage the child's self-image and emotional security, especially if they identify with that parent."
What if I believe the other parent is flawed or inconsistent?,"Unless the parent is abusive or unsafe, it's usually healthier to support the child's connection and work through differences privately."
Can I protect my child by keeping them away from a less capable parent?,Overprotection may do more harm than good. Children need a balanced view and contact with both caregivers to build resilience.
How does excluding a parent affect the child's emotional development?,"It may create confusion, divided loyalties, identity struggles, or long-term trust issues."
What are some ways to include the other parent constructively?,"Share updates, coordinate schedules respectfully, and support communication between the child and the other caregiver."
What if my child says they don't want to visit the other parent?,"Explore the reasons gently, validate their feelings, and seek support rather than immediately cutting off contact."
Can co-parenting work if we don't get along?,"Yes, if both parties prioritize the child's well-being and communicate respectfully about parenting matters."
How do I manage my emotions about my ex while still supporting my child's bond with them?,Process your feelings separatelyÃ¢Â€Â”through therapy or trusted supportÃ¢Â€Â”and stay focused on your child's needs.
What message does it send to the child if one parent is excluded?,"It may teach them that love is conditional or that conflict must lead to disconnection, which can affect their future relationships."
Can young children experience grief?,"Yes. Even infants and toddlers can feel the emotional impact of loss, though they express it differently than adults."
What types of loss can cause grief in children?,"Loss of a loved one, pet, home, friendship, routine, or even a caregiver's emotional presence."
How does grief show up in young children?,"Through regression, clinginess, sleep issues, tantrums, withdrawal, or changes in play or appetite."
Do children understand death the way adults do?,No. Their understanding evolves with age. Young children may not grasp permanence or the concept of death fully.
Is it okay to talk about death with children?,"Yes. Honest, age-appropriate conversations help them process loss and feel safe asking questions."
Should I hide my own grief from my child?,No. Showing your emotions in a healthy way models how to cope and reassures them that feelings are normal.
How can I support my grieving child?,"Maintain routines, offer extra comfort, validate their feelings, and provide simple, truthful explanations."
What are signs that grief is becoming complicated or prolonged?,"Persistent sadness, nightmares, aggression, refusal to engage in activities, or delayed developmental milestones."
Can grief resurface later in childhood?,Yes. Children may revisit grief at new developmental stages as their understanding deepens.
What are some comforting activities for grieving children?,"Drawing, storytelling, memory boxes, physical touch, and consistent time with trusted caregivers."
When should I seek professional help for my child's grief?,"If symptoms persist, intensify, or interfere with daily functioning, a child therapist can offer support."
What does overemphasis on academic success mean?,"It means prioritizing grades and performance over emotional well-being, social development, and personal growth."
Why do some parents focus so heavily on academics?,"Often due to societal pressure, fear of failure, or a belief that academic achievement guarantees future success."
Can academic pressure affect my child's mental health?,"Yes. It can lead to anxiety, depression, burnout, and a fear of making mistakes."
How do children express stress from academic pressure?,"Through sleep problems, irritability, loss of interest in learning, headaches, or perfectionistic behavior."
Is it wrong to want my child to excel academically?,"No. It's healthy to support learning, but balance is key. Emotional support must accompany expectations."
What are signs I might be pushing too hard?,"If your child fears disappointing you, avoids sharing struggles, or becomes overly self-critical, it may signal pressure."
How can I encourage achievement without pressure?,"Focus on effort over results, celebrate progress, and show unconditional support regardless of performance."
What should I value more than grades?,"Curiosity, emotional intelligence, resilience, creativity, and a love for learning are all vital for long-term success."
How does academic pressure affect parent-child relationships?,"It can create emotional distance, reduce trust, and increase conflict if the child feels judged or not accepted."
Can play and downtime support academic success?,"Yes. Rest and unstructured time are essential for brain development, creativity, and emotional regulation."
How can I redefine success for my child?,"By encouraging self-awareness, personal goals, and fulfillmentÃ¢Â€Â”not just external validation or test scores."
What does over-involvement in homework mean?,It refers to micromanaging or controlling a child's academic tasks rather than allowing them to take responsibility.
Why do some parents become overly involved in homework?,"Often out of anxiety, fear of failure, or a desire to ensure success and avoid mistakes."
Can too much help with homework backfire?,"Yes. It can reduce motivation, hinder independence, and send the message that the child can't succeed on their own."
How do children feel when parents take over their homework?,"They may feel frustrated, incompetent, or dependent. It can damage their confidence and ownership."
What's a healthier way to support homework?,"Be available, provide structure and encouragement, but let your child complete the work on their own."
Should I correct all my child's homework mistakes?,No. Letting them make mistakes helps teachers see what they need and teaches them accountability.
What are signs I'm too involved in my child's academics?,"If you're doing their work, checking everything obsessively, or if your child resists doing homework without you."
How can I encourage academic responsibility?,"Set clear routines, express trust in their abilities, and praise effort over perfection."
Can over-involvement affect long-term learning?,"Yes. It may prevent the development of self-discipline, critical thinking, and problem-solving skills."
What role should I play in my child's learning?,"Be a guide and supporterÃ¢Â€Â”not the doer. Ask questions, show interest, and let them lead."
How do I balance involvement and independence?,"Offer structure and support, but gradually step back as your child gains skills and confidence."
What does it mean to fail to balance attention within a family?,It refers to unintentionally neglecting the emotional needs of one or more children when another requires intensive care or support.
Why is attention imbalance common in families with a disabled member?,"Because the needs of the disabled child can be urgent and demanding, other siblings may receive less emotional focus."
How might a child react to receiving less attention?,"They may feel invisible, act out, withdraw, or develop resentment toward the sibling or parents."
Is it wrong to focus more on the child with greater needs?,"It's understandable, but it's important to ensure all children feel seen, valued, and emotionally supported."
How can I make sure my other children feel included and important?,"Spend one-on-one time with them, listen to their feelings, and celebrate their unique strengths."
What are signs of emotional neglect in a sibling?,"Sudden changes in behavior, school issues, low self-esteem, or expressions of feeling forgotten."
Can resentment between siblings be prevented?,"Yes. Open communication, equal emotional presence, and acknowledging all children's needs can reduce tension."
How does favoritism-intentional or not-affect family dynamics?,"It can lead to long-term emotional wounds, rivalry, and disconnection within the family."
Is it helpful to explain the situation to the other children?,Yes. Age-appropriate explanations help them understand and reduce feelings of unfairness or confusion.
What role can extended family or support networks play?,"They can help provide attention and care to all children, easing the pressure on parents."
What if I already see signs of imbalance-can I repair the relationship?,"Yes. With empathy, reconnection, and consistent emotional attention, relationships can heal and grow stronger."
What is sibling comparison in parenting?,"It involves directly or indirectly measuring one child against another in ability, behavior, or achievement."
Why is comparison harmful to children?,"It can lead to low self-esteem, resentment, sibling rivalry, and damaged self-worth."
Is it possible to show favoritism without realizing it?,"Yes. Subtle cues like tone, attention, praise, or expectations can signal favoritism even when unintentional."
What are signs of sibling favoritism?,"One child consistently receiving more praise, leniency, or attention while others feel overlooked or criticized."
How does favoritism affect the favored child?,"They may feel pressure to perform, become perfectionistic, or struggle with guilt or entitlement."
How does favoritism affect the less-favored child?,"They may feel unloved, act out, withdraw, or develop long-term emotional insecurities."
How can I avoid comparing my children?,"Focus on each child's unique strengths and challenges, and avoid using phrases that pit them against each other."
Is it okay to celebrate one child's achievements?,"Yes, but be mindful to also acknowledge the efforts and qualities of the other child."
How can I repair sibling relationships damaged by favoritism?,"Start with open conversations, validate each child's feelings, and work on creating equitable emotional attention."
Does equal treatment mean treating every child the same?,"Not necessarily. It means meeting each child's emotional needs fairly, even if that looks different for each one."
What should I do if my child accuses me of favoritism?,"Listen without defensiveness, reflect honestly on your behavior, and take steps to restore balance and trust."
Why are social skills important for young children?,"Social skills help children build friendships, cooperate with others, express emotions, and navigate social situations."
What happens if social skills are not taught early?,"Children may struggle with peer relationships, emotional regulation, and confidence in group settings."
Is it enough for children to pick up social skills naturally?,"Some skills are learned naturally, but many require intentional modeling, guidance, and practice."
What are examples of essential early social skills?,"Taking turns, sharing, listening, making eye contact, managing emotions, and expressing needs respectfully."
How can I teach social skills to my child?,"Model respectful interactions, role-play scenarios, read books about feelings, and talk about social situations."
What are signs my child may need help with social skills?,"Frequent conflicts with peers, trouble making or keeping friends, tantrums in group settings, or difficulty taking turns."
Can screen time interfere with social skill development?,Yes. Excessive screen time can reduce face-to-face interaction and delay emotional and conversational learning.
Should I intervene in every peer conflict?,"Not always. Support them in resolving issues independently, but step in when emotions escalate or safety is at risk."
How do social skills impact school readiness?,"Strong social skills help children cooperate with teachers, follow group instructions, and build positive peer relationships."
What if my child is shy or introverted?,"Shyness is normal, but you can still support gentle exposure, build confidence, and teach social strategies at their pace."
Can social skill delays be improved?,"Yes. With consistent support, modeling, and practice, most children can significantly improve their social interactions."
Why can frequent moves be stressful for children?,"They disrupt a child's sense of stability, routine, and connection to familiar people and places."
How do frequent relocations affect a child emotionally?,"They may cause anxiety, sadness, withdrawal, fear of loss, or difficulty trusting that things will stay consistent."
What challenges do children face when making new friends after a move?,"They may feel shy, fear rejection, or struggle to fit into established peer groups."
Can moving frequently affect academic progress?,"Yes. Constantly adjusting to new schools can interrupt learning, reduce motivation, and increase stress."
Is it important to talk to my child before moving?,Yes. Open conversations help prepare them emotionally and build trust that their feelings are respected.
How can I help my child adjust after a move?,"Keep routines stable, encourage communication, support social opportunities, and validate their emotions."
What if my child faces bullying in a new school?,"Take it seriously. Listen carefully, contact the school, and empower your child with coping strategies and support."
Can frequent moves affect long-term relationships?,"Yes. Children may struggle with attachment, trusting others, or maintaining long-term friendships."
What are signs that my child is struggling after a move?,"Behavior changes, sleep issues, academic decline, isolation, or frequent complaints of sadness or stomach aches."
Should I avoid moving if it's not absolutely necessary?,"If possible, yes. Stability supports emotional security, especially during key developmental years."
What can I do if a move is unavoidable?,"Involve your child in decisions, keep familiar items, stay emotionally available, and help them maintain old connections while building new ones."
What does ineffective response to bullying look like?,"It includes dismissing the issue, blaming the child, minimizing their experience, or failing to take protective action."
Why is how I respond to bullying important?,"Your response can either empower your child or leave them feeling alone, ashamed, or unsafe."
What are signs my child might be getting bullied?,"Unexplained injuries, lost items, reluctance to go to school, mood changes, or sudden academic decline."
Is it okay to tell my child to fight back or ignore the bully?,No. These responses can escalate the situation or make the child feel unsupported.
What's a more constructive response to bullying?,"Listen without judgment, affirm your child's feelings, and work with them and the school to address the issue safely."
Should I contact the school about bullying?,Yes. Communicate with teachers or administrators to ensure the school is aware and involved in resolving the situation.
What if my child doesn't want me to intervene?,Respect their feelings but explain your role in keeping them safe. Collaborate with them on a plan they feel comfortable with.
Can ineffective responses cause long-term harm?,"Yes. Children may develop anxiety, depression, trust issues, or feel that their pain isn't important."
How can I help my child build resilience against bullying?,"Teach assertiveness, emotional regulation, positive friendships, and involve them in activities that build confidence."
What's the danger of ignoring subtle bullying like exclusion or teasing?,"It can be just as damaging as physical bullying, leading to emotional wounds that are harder to detect and heal."
How do I rebuild trust if I mishandled a bullying situation before?,"Acknowledge your mistake, validate their pain, and show through action that you're committed to supporting and protecting them."
What does it mean to group children without individual attention?,"It means treating all children the same in activities, expectations, or discipline without recognizing their unique needs or personalities."
Why is individual attention important?,"It helps children feel seen, valued, and understood, which supports emotional security and confidence."
Can group-focused parenting lead to emotional neglect?,Yes. A child may feel overlooked or invisible if their personal needs and feelings aren't acknowledged.
How do children react to lack of individualized attention?,"They may act out, withdraw, seek validation elsewhere, or struggle with self-worth."
Is it possible to give individual attention in a large family?,"Yes. Even small, consistent moments of one-on-one time can make a big difference."
How can I balance group activities with individual connection?,"Plan shared routines but include check-ins, individual praise, and private conversations with each child."
Why do some parents default to group discipline?,"It can seem efficient, but it risks unfairness and misses opportunities to teach based on each child's temperament."
What are the long-term effects of not personalizing parenting?,"Children may struggle with identity, emotional expression, and relationships later in life."
How can I get to know my child's unique emotional needs?,"Spend time observing, listening deeply, and asking open-ended questions regularly."
Does fairness mean treating all children the same?,"Not necessarily. Fairness is meeting each child's individual needs appropriately, not identical treatment."
Can school or daycare settings also struggle with this issue?,Yes. Educators must balance structure with individual support to foster emotional development.
What is online game addiction in children?,"It refers to excessive gaming that interferes with daily life, emotional regulation, and real-world responsibilities or relationships."
Why is empathy important when addressing gaming addiction?,"Because children often use games to escape stress or unmet emotional needs, and harsh responses can increase resistance and shame."
What are signs of gaming addiction in children?,"Increased irritability, withdrawal, declining academic performance, sleep problems, and obsession with gaming."
Is it okay to take away games completely?,Sudden removal can cause conflict. It's more effective to set limits and explore the reasons behind the behavior.
How can I talk to my child about their gaming habits?,"Use calm, curious language, ask open-ended questions, and express concern without blame."
Can structure help reduce gaming addiction?,"Yes. Predictable routines, screen time limits, and consistent expectations support healthier habits."
What if my child becomes angry when I set limits?,Stay calm and firm. Validate their feelings but maintain boundaries with empathy and consistency.
Should I involve my child in setting screen time rules?,Yes. Collaborative rule-setting builds responsibility and reduces power struggles.
Can gaming addiction be a symptom of deeper issues?,"Yes. It may mask anxiety, depression, social isolation, or unmet emotional needs."
What are healthy alternatives to online games?,"Physical activity, creative hobbies, face-to-face socializing, outdoor play, and family bonding."
When should I seek professional help for my child's gaming behavior?,"If gaming significantly disrupts functioning or mental health, professional support from a therapist or counselor is recommended."
How should I respond if I discover my child is using substances?,"With calm concern, open communication, and a focus on understanding the root causes rather than reacting with punishment."
Why is empathy important when addressing substance use?,"Empathy helps preserve trust, encourages honesty, and supports healing, while punishment often drives secrecy and shame."
Is punishment effective in stopping substance abuse?,No. Punishment can escalate the problem by increasing stress and emotional disconnection.
What are early signs of substance use in children or teens?,"Mood swings, secretive behavior, decline in school performance, changes in friends, or unusual smells or items."
How can I open a conversation about substance use?,"Choose a calm moment, express concern without judgment, and ask open-ended questions to understand their experience."
Should I involve a professional right away?,"If use is regular or affecting functioning, it's wise to consult a therapist or counselor experienced in substance issues."
What if I feel angry or betrayed?,"It's natural to feel that way, but your child needs a safe space for recovery, not judgment. Seek support for yourself as well."
How can I set boundaries while staying empathetic?,"Be clear about rules and consequences, but express them with compassion and a focus on growth and safety."
Can substance use be a symptom of deeper emotional pain?,"Yes. Many children use substances to cope with anxiety, trauma, or unmet emotional needs."
How can I rebuild trust after substance use is discovered?,"Through honest, respectful communication, consistency, and showing up as a reliable emotional presence."
What's the long-term impact of an empathetic approach to substance use?,"It fosters resilience, self-awareness, and a stronger parent-child bond that supports long-term recovery and growth."
What is a rigid parenting style?,"It involves strict rules, high expectations, and little flexibility or emotional responsiveness to the child's needs."
Why do some parents adopt rigid parenting styles?,"Often out of fear, a desire for control, or belief that strictness builds discipline and success."
What are signs of rigid parenting?,"Little tolerance for mistakes, frequent punishments, lack of open dialogue, and minimal emotional support."
How can rigid parenting affect a child's development?,"It may lead to anxiety, low self-esteem, fear of failure, rebellion, or emotional suppression."
Is discipline the same as rigidity?,"No. Discipline involves teaching and guidance, while rigidity emphasizes control without room for flexibility."
Can rigid parenting damage the parent-child relationship?,"Yes. It can cause emotional distance, fear-based obedience, and reduced trust."
What's a healthier alternative to rigid parenting?,"Authoritative parentingÃ¢Â€Â”firm boundaries with warmth, empathy, and open communication."
Do rigid rules always produce obedient children?,"They may comply temporarily, but often at the cost of internal resentment or emotional disconnection."
How can I soften a rigid parenting approach?,"Start by listening more, validating your child's feelings, and adjusting expectations to be more age-appropriate."
What role does empathy play in breaking rigid patterns?,"Empathy fosters connection, emotional safety, and trust, making children more likely to cooperate willingly."
Can children from rigid households thrive later in life?,"They can, but may need to unlearn patterns of fear or perfectionism and rebuild emotional awareness and confidence."
What is empathic parenting?,"It's a parenting style that prioritizes understanding, validating, and supporting a child's emotional experience, especially during distress."
Why is empathy important when a child is emotionally hurt?,"Empathy helps the child feel seen and safe, which promotes healing and emotional regulation."
Can emotional injuries affect long-term development?,"Yes. Unaddressed emotional wounds can impact self-esteem, trust, behavior, and future relationships."
How do I recognize an emotional injury in my child?,"Look for withdrawal, sudden behavior changes, excessive crying, anger, or avoidance after a distressing event."
Is it enough to just comfort a child physically?,No. Children also need verbal and emotional reassurance that their feelings are valid and understood.
What are common mistakes when responding to a child's emotional pain?,"Minimizing their feelings, offering quick fixes, or distracting instead of addressing the emotion."
How can I respond with empathy during an emotional crisis?,"Stay calm, get on their level, name the emotion, and let them know you're there without judgment."
Does empathic parenting mean allowing all behavior?,No. You can validate emotions while still setting respectful boundaries on behavior.
What happens when emotional pain is dismissed repeatedly?,"Children may shut down emotionally, develop anxiety, or believe their feelings don't matter."
How can I build an emotionally safe home?,"Be present, listen actively, avoid criticism, and model vulnerability and emotional literacy."
Is it too late to start using empathy if I've used harsher methods before?,It's never too late. Shifting to empathic parenting can repair relationships and support emotional healing.
What does sheltering from failure mean in parenting?,"It refers to protecting children from making mistakes or experiencing failure, often to spare them discomfort or frustration."
Why do some parents overprotect their children from failure?,"They may fear their child's disappointment, want to ensure success, or struggle with their own perfectionism."
Is failure bad for children?,"No. Failure is a vital part of learning, resilience-building, and emotional growth."
What are the consequences of sheltering children from failure?,"Children may develop low frustration tolerance, fear of trying new things, or depend on others for problem-solving."
How can failure be a positive experience?,"It teaches perseverance, creativity, self-awareness, and the ability to handle setbacks with confidence."
Should I let my child fail even if I can prevent it?,"In many cases, yesÃ¢Â€Â”especially when the stakes are low and lessons can be learned safely."
What's the difference between support and overprotection?,Support empowers children to try and learn; overprotection removes the chance to develop coping and problem-solving skills.
How can I help my child bounce back after failure?,"Validate their feelings, reflect on what they learned, and encourage them to try again."
Can fear of failure cause anxiety?,"Yes. When children are not allowed to fail, they may fear imperfection and become anxious under pressure."
How do I model a healthy attitude toward failure?,"Share your own mistakes openly, show how you learn from them, and speak positively about effort."
What mindset should I encourage in my child around failure?,"Encourage a growth mindsetÃ¢Â€Â”valuing effort, learning from setbacks, and understanding that ability develops over time."
What does it mean to neglect a child's individual interests?,"It means failing to notice, support, or encourage a child's unique passions, preferences, and strengths."
Why are individual interests important in childhood?,"They help children develop a sense of identity, motivation, confidence, and emotional well-being."
What happens when a child's interests are ignored?,"They may feel unseen, lose motivation, and struggle with self-expression and confidence."
Is it okay to guide my child toward what I think is best?,"Guidance is helpful, but it's important to also respect and nurture the child's genuine interests."
How can I discover my child's true interests?,"Pay attention to what excites them, observe their play, ask open-ended questions, and offer varied experiences."
What are signs that a child feels their interests are being dismissed?,"Withdrawal, reluctance to share, low enthusiasm, or constantly seeking external approval."
Can honoring interests improve parent-child relationships?,"Yes. It shows respect, deepens emotional connection, and creates shared experiences."
What if my child's interest doesn't align with my values or expectations?,"Try to understand the meaning behind the interest and find safe, supportive ways to engage without imposing judgment."
Should I enroll my child in structured activities related to their interest?,"If the child is eager and ready, structured support can helpÃ¢Â€Â”but it should never feel like pressure."
How do individual interests affect long-term development?,"They foster creativity, self-motivation, adaptability, and lifelong learning habits."
What mindset should I adopt to support my child's uniqueness?,"Be curious, open-minded, and affirming. Let your child lead in discovering who they are."
What does it mean to assign caregiving roles to older siblings?,"It involves expecting older children to take on significant responsibility for younger siblings' care, often beyond their emotional readiness."
Why do parents assign caregiving roles to older siblings?,"It may come from necessity, tradition, or the belief that it builds responsibility, especially in large or stressed families."
Is it harmful for older siblings to help with caregiving?,"Helping in small, age-appropriate ways can be healthyÃ¢Â€Â”but overburdening them can lead to stress or resentment."
What are signs that an older child is taking on too much?,"Emotional withdrawal, irritability, academic struggles, or lack of time for their own interests and friends."
Can caregiving roles affect sibling relationships?,"Yes. They can create power imbalances, resentment, or emotional distance between siblings."
How can I balance responsibility and fairness?,"Assign age-appropriate tasks and ensure older siblings still get attention, freedom, and emotional support."
What are emotional risks of parentifying an older child?,"It can lead to anxiety, guilt, loss of childhood, and challenges in forming healthy boundaries in adulthood."
Should I praise my older child for helping?,"Yes, but avoid reinforcing the idea that their value lies in caregiving alone. Appreciate them as a whole person."
How can I support both younger and older siblings equitably?,"Create time for individual attention, acknowledge each child's needs, and distribute responsibilities fairly."
Can older children say no to caregiving tasks?,They should feel safe expressing boundaries. Respecting their limits is key to emotional health.
What mindset helps avoid overburdening older siblings?,"View them as developing individualsÃ¢Â€Â”not mini adultsÃ¢Â€Â”and support their need for freedom, play, and self-focus."
What is tale-telling between parents?,"It refers to a child reporting one parent's actions or words to the other, often without full context, which can cause confusion or conflict."
Why do children engage in tale-telling?,"They may seek attention, test boundaries, gain control, or attempt to align with one parent over the other."
Is tale-telling the same as lying?,Not always. Children may exaggerate or misinterpret events without intending to deceive.
How should parents respond when a child tells tales?,"Stay calm, avoid jumping to conclusions, and communicate directly with the other parent before reacting."
What problems arise when parents react without verifying information?,"It can lead to mistrust, unnecessary conflict, and emotional manipulation within the family."
Can tale-telling affect co-parenting dynamics?,"Yes. It can create division, blame, and competition between parents, undermining teamwork."
What are healthier alternatives to reacting to tale-telling?,"Teach your child about honesty, clarify misunderstandings together, and model respectful communication."
How can we teach children to resolve issues without tale-telling?,Encourage them to speak directly to the person involved or to express their feelings calmly and openly.
Why is it important not to reward tale-telling?,"Rewarding it reinforces the behavior and may lead to manipulation, triangulation, or emotional games."
Can tale-telling be a sign of emotional insecurity?,"Yes. It may signal confusion, anxiety, or a need for more attention and emotional guidance."
What mindset should parents adopt to reduce tale-telling?,"Stay united, focus on emotional teaching, and avoid putting the child in the middle of parental issues."
What is a communication breakdown in parenting?,"It's when misunderstandings, emotional distance, or lack of responsiveness block effective connection between parent and child."
What causes communication breakdowns with children?,"Common causes include stress, distractions, harsh tone, invalidating responses, or not actively listening."
How can I tell if I'm not really hearing my child?,"If your child shuts down, repeats themselves often, or avoids talking to you, it may signal poor listening."
Why is tone of voice important in communication?,"Children are sensitive to toneÃ¢Â€Â”harshness or impatience can shut them down, even if the words are kind."
What are signs that communication is breaking down?,"Frequent arguments, silence, avoidance, emotional outbursts, or unclear expectations."
How can I repair communication with my child?,"Start by listening more, apologizing when needed, validating their feelings, and reducing judgment."
What's the role of empathy in healthy communication?,"Empathy helps children feel safe and understood, which encourages openness and trust."
Can too much lecturing cause communication problems?,Yes. Lectures often feel one-sided and can make children tune out or resist.
How do I improve daily communication with my child?,"Ask open-ended questions, be present without distractions, and show genuine interest in their world."
Should I force my child to talk when they're upset?,No. Give them space and let them know you're available when they're ready.
How does modeling affect communication patterns?,"Children learn how to communicate by watching you. Calm, respectful dialogue teaches them to do the same."
What are non-verbal messages in parenting?,"They include facial expressions, body language, tone of voice, and gestures that communicate feelings without words."
Why are non-verbal cues important when interacting with children?,"Children often read emotions through tone and body language more than words, especially in early development."
Can children sense my emotions even if I don't speak them?,"Yes. Children are highly sensitive to non-verbal signals and may react to tension, anger, or sadness even when unspoken."
What happens when verbal and non-verbal messages don't match?,"It creates confusion and mistrust. For example, saying 'I'm not mad' with a harsh tone can make a child anxious."
How can I tell if I'm sending mixed signals?,"If your child seems confused, defensive, or withdrawn, your non-verbal cues may be contradicting your words."
Can eye contact and posture affect how children respond?,"Yes. Warm eye contact, open posture, and gentle facial expressions help children feel safe and connected."
What's the impact of consistent negative non-verbal signals?,"They can lead to fear, insecurity, or emotional distance between parent and child."
How can I become more aware of my non-verbal communication?,"Pay attention to your tone, facial expressions, and body languageÃ¢Â€Â”especially during emotionally charged moments."
Do children also use non-verbal cues to express emotions?,"Absolutely. Watch for posture, tone, and behaviors like turning away, clenched fists, or pacing."
How can I respond better to my child's non-verbal signals?,"Tune in with empathy, reflect what you see ('You look upset'), and offer emotional support."
What mindset helps improve non-verbal communication?,"Be present, emotionally attuned, and intentional with your tone and body language."
What is an I-message in parenting communication?,"It's a way of expressing your feelings without blaming the child, using statements that begin with 'I feel' or 'I need'."
Why are I-messages more effective than blame-based statements?,"They reduce defensiveness, promote empathy, and model emotional awareness."
Can you give an example of an I-message?,"Instead of saying 'You never listen!', try 'I feel frustrated when I'm not heard because I want us to understand each other.'"
What happens when I use you statements instead?,"They can sound accusatory, triggering shame, resistance, or emotional shutdown."
How do I-messages affect parent-child relationships?,"They encourage open, respectful communication and help build emotional trust."
Are I-messages helpful during discipline?,Yes. They help you express limits while maintaining connection and emotional safety.
Can children learn to use I-messages too?,Absolutely. Teaching them this skill builds emotional intelligence and conflict resolution abilities.
Do I-messages mean I shouldn't express strong emotions?,No. You can express intensity respectfully by focusing on your own feelings and needs.
What's the structure of a basic I-message?,It often follows this form: 'I feel ___ when ___ because ___.'
How do I start using I-messages if I've used blame in the past?,"Start small, practice intentionally, and repair by modeling vulnerability and taking responsibility."
What mindset supports effective I-message use?,"Prioritize understanding over control, and approach communication with curiosity and emotional ownership."
What does privacy invasion on social media mean in parenting?,"It refers to sharing photos, videos, or stories about a child online without considering the child's consent, dignity, or future privacy."
Why is posting about my child on social media potentially harmful?,"It can expose them to unwanted attention, embarrassment, and loss of control over their digital identity."
Is it wrong to share cute moments of my child online?,"Not necessarily, but it's important to think about long-term consequences and whether your child would feel respected."
At what age should I start considering my child's digital privacy?,"From infancy. Even if they can't speak, their image and story still deserve thoughtful protection."
How can I protect my child's privacy online?,"Avoid sharing identifiable information, use privacy settings, and ask older children for permission before posting."
What is sharenting?,"Sharenting is the act of oversharing about children on social media, often without considering their consent or privacy."
Can sharing on social media affect a child's self-image?,"Yes. Children may feel exposed or judged by how they're portrayed, especially when older."
What are the risks of digital permanence for children?,"Images and posts can be saved, reshared, or misused, affecting a child's digital footprint and future opportunities."
How do I model healthy digital boundaries for my child?,"Be mindful about what you share, discuss privacy openly, and demonstrate respect for others' boundaries."
Should I stop sharing my child's life online completely?,"Not necessarily, but aim to be intentional and protectiveÃ¢Â€Â”share less, and always prioritize their dignity."
What's a good mindset for social media and parenting?,Think long-term: will this post serve your child or only satisfy a short-term desire for validation?
What does it mean to neglect a child's mental health?,"It involves overlooking or minimizing a child's emotional struggles, behavioral changes, or need for psychological support."
Why is mental health as important as physical health in children?,"Because emotional well-being influences a child's behavior, learning, relationships, and long-term development."
What are early signs of mental health concerns in children?,"Withdrawal, frequent tantrums, sleep problems, aggression, changes in appetite, or difficulty concentrating."
Is it normal for children to have mood swings or anxiety?,"Some emotional fluctuation is normal, but persistent or extreme behaviors may signal deeper issues."
What should I do if I notice emotional changes in my child?,"Listen non-judgmentally, validate their feelings, and consider consulting a mental health professional."
How can neglecting mental health affect a child's future?,"It may lead to chronic anxiety, depression, poor self-esteem, academic issues, or difficulty in relationships."
Can I talk to my child about mental health without scaring them?,Yes. Use age-appropriate language and normalize conversations about emotions and mental wellness.
What are protective factors for a child's mental health?,"Secure attachment, supportive caregivers, open communication, stable routines, and access to help."
Is professional help always necessary?,"Not always, but it's valuable when emotional or behavioral challenges persist or interfere with daily life."
Can I help my child build emotional resilience?,"Yes. Teach coping skills, model healthy expression, encourage problem-solving, and offer unconditional support."
How can I reduce stigma around mental health in my family?,"Lead by exampleÃ¢Â€Â”talk openly, seek help when needed, and treat emotional health as a natural part of life."
What does active leadership mean in supporting a child's mental health?,"It refers to a parent or caregiver taking initiative to guide, protect, and advocate for the child's emotional well-being."
Why is leadership important in a child's mental health journey?,"Children need adults to model regulation, provide structure, and create a safe space for emotional growth."
What happens when parents lack leadership in emotional support?,"Children may feel confused, unsafe, or unsupported in expressing emotions or seeking help."
Is being emotionally present enough without leadership?,"Emotional presence is vital, but leadership adds direction, boundaries, and proactive support."
How can I demonstrate leadership in emotional matters?,"By initiating conversations about feelings, setting healthy routines, and actively seeking help when needed."
Can a lack of emotional leadership lead to mental health problems?,"Yes. Children may internalize stress, act out, or become emotionally insecure without strong guidance."
How do I balance leadership and empathy?,"Lead with firmness and clarity, but always with compassion, listening, and flexibility."
What are examples of strong leadership in parenting?,"Following through on limits, validating feelings, setting priorities around rest, play, and screen time, and modeling emotional language."
What if I wasn't raised with good emotional leadership?,"You can learn and grow. Reflect on your values, seek education, and model what you wish you had."
Can shared leadership between parents strengthen mental health support?,"Yes. A united, respectful front helps children feel secure and less confused by mixed messages."
"How does community leadership (schools, churches) affect child mental health?",Community support systems can reinforce emotional safety and offer resources that complement family leadership.
What are unrealistic expectations in parenting?,They are demands or hopes placed on children that exceed their developmental abilities or emotional capacity.
Why do parents develop unrealistic expectations?,"Often due to cultural pressures, personal insecurities, comparisons with other children, or unmet desires from their own childhood."
How do unrealistic expectations affect children?,"They can lead to stress, anxiety, low self-worth, and fear of failure."
What are examples of unrealistic expectations?,"Expecting perfect grades, emotional maturity beyond their age, constant obedience, or early achievement in academics or sports."
How can I recognize if my expectations are unrealistic?,"If your child frequently shows signs of distress, resistance, or shame, it may be time to reevaluate your standards."
Is it wrong to push my child to do their best?,"Encouragement is healthy, but pushing beyond what is developmentally or emotionally appropriate can be harmful."
What's the difference between support and pressure?,"Support builds confidence and honors the child's pace, while pressure creates fear and is tied to external approval."
Can unrealistic expectations harm the parent-child relationship?,"Yes. It may lead to conflict, emotional distance, and difficulty communicating openly."
How can I adjust my expectations to be more realistic?,"Learn about child development, focus on your child's unique strengths, and remain flexible based on their needs."
What mindset helps parents let go of perfectionism?,"Value growth over outcome, recognize your child's humanity, and focus on building a supportive relationship."
How can I model healthy expectations for my child?,"Talk about your own mistakes, celebrate effort over results, and praise persistence rather than perfection."
How do unresolved parental issues lead to unrealistic expectations?,"Parents may project their unmet needs or past wounds onto their children, expecting them to fulfill emotional voids."
What are common unresolved issues that influence parenting?,"Childhood neglect, unmet ambitions, emotional invalidation, or harsh parenting they themselves experienced."
Can I place unrealistic expectations on my child without realizing it?,Yes. Subconscious patterns from your past can shape parenting behaviors unless reflected upon and addressed.
What are signs that my expectations are rooted in my own unresolved issues?,"Feeling overly disappointed, triggered, or emotionally reactive when your child doesn't meet a standard."
Why is it harmful to expect my child to 'make up for' my past?,It places emotional pressure on the child and prevents them from growing into their own identity.
How do these expectations impact the child emotionally?,"Children may feel they're never enough, struggle with guilt, or live in fear of failure."
Can reflecting on my own childhood improve my parenting?,"Yes. Understanding your own wounds helps you set healthier, more realistic expectations for your child."
How can therapy or journaling help with this issue?,"They offer tools for exploring past pain, identifying triggers, and creating more conscious parenting responses."
What does it mean to differentiate my child from myself?,"It means recognizing that your child is a separate individual with their own path, not an extension of your story."
What's the risk of trying to live through my child?,"It can stunt their emotional autonomy, create resentment, and damage the parent-child relationship."
What mindset supports healing and better expectations?,"Adopt curiosity about your emotional triggers, practice self-compassion, and honor your child's individuality."
What is a forced breakup in the context of parenting?,It refers to when a parent interferes with or ends their child's romantic relationship against the child's will or emotional readiness.
Why do parents force breakups?,"Often due to fear, control, disapproval of the partner, cultural expectations, or unresolved emotional issues."
Is it ever justified to intervene in a child's romantic relationship?,"If the relationship is abusive or unsafe, guidance is appropriate. But forced breakup without empathy can cause harm."
How does a forced breakup affect a child emotionally?,"It can lead to grief, anger, mistrust, low self-worth, and long-term resentment toward the parent."
What are signs that a breakup was emotionally traumatic for a child?,"Withdrawal, depression, emotional numbness, rebellious behavior, or loss of trust in parental support."
Can forced breakups damage the parent-child bond?,"Yes. Children may feel betrayed or unheard, damaging emotional closeness and future openness."
How can parents express concerns about a relationship without forcing a breakup?,"By having open, respectful conversations, expressing values, and encouraging self-reflection rather than imposing control."
What is the developmental role of romantic relationships in adolescence and young adulthood?,"They help develop identity, emotional intimacy, empathy, and independence."
What are healthier alternatives to forcing a breakup?,"Listening empathetically, offering emotional support, guiding decision-making, and fostering trust."
What if I deeply disagree with my child's partner?,"Share your perspective respectfully, but prioritize maintaining connection with your child so they feel safe making their own decisions."
How can forced breakups reflect unresolved issues in the parent?,"They may stem from the parent's own history of emotional wounds, fear of loss, or unconscious attempts to relive or correct their past."
What makes modern parenting more complex than in the past?,"The rise of digital technology, changing family structures, societal expectations, and mental health awareness create new challenges."
Why is emotional attunement essential in modern parenting?,"Children face more emotional and social stressors today, so being emotionally present helps them feel safe and supported."
How can parents stay grounded amidst overwhelming advice?,"By trusting their instincts, focusing on emotional connection, and staying mindful rather than reactive."
What is the key message of this parenting book?,"That empathic, emotionally attuned parenting fosters resilience, security, and healthy development in children."
Is perfect parenting possible?,"No. Mistakes are inevitableÃ¢Â€Â”what matters most is reflection, repair, and continued emotional presence."
How can I manage my own stress to parent more effectively?,"Practice self-care, seek support, and recognize that emotional regulation starts with the adult."
What mindset helps in navigating modern parenting?,"Curiosity, flexibility, humility, and a willingness to keep learning and evolving with your child."
Why is self-awareness important for parents?,Understanding your own triggers and emotional patterns helps you respond thoughtfully rather than reactively.
How do societal pressures impact parenting choices?,"They can cause guilt, comparison, or overcompensation, which may distract from what the child truly needs."
What's one action I can take to improve my parenting today?,"Start with small moments of mindful connectionÃ¢Â€Â”make eye contact, listen without interrupting, or validate a feeling."
How can modern parenting challenges be opportunities?,"They push us to be more conscious, compassionate, and connected, reshaping family life for the better."
What does fine-tuning engagement with infants mean,"It refers to the active, emotionally responsive interaction between a parent and infant that supports bonding, communication, and early development."
Why is fine-tuning engagement important for my baby,"It helps your baby develop emotional security, language skills, and social confidence by building a trusting, responsive relationship."
Can digital toys or apps replace parental interaction,"No. While they may offer some stimulation, they cannot replace the emotional and cognitive benefits of direct human connection."
What signs might suggest I'm not engaging enough with my infant,"Delayed speech, low eye contact, social withdrawal, and fussiness may indicate a lack of responsive interaction."
Is talking to my infant while multitasking effective,"Not as much as focused, face-to-face interaction. Your baby benefits most when your attention is fully present."
How can I begin improving engagement today,"Set aside time for eye contact, talk about your actions, sing, read, and mimic your babyÃ¢Â€Â™s sounds with full attention."
Can poor engagement lead to long-term issues,"Yes. It can affect attachment, emotional regulation, and confidence in social situations."
Is physical touch part of fine-tuned engagement,"Yes. Cuddling, gentle play, and comforting touch are vital for emotional bonding and security."
How much time should I spend in active engagement each day,"Even short, regular periods of uninterrupted, quality time make a big difference. Aim for multiple meaningful check-ins."
How does fine-tuned engagement support language development,Your baby learns through imitation and feedback. Responsive talking and emotional connection stimulate speech skills.
What if I've missed the early months--can I still make a difference,Absolutely. It's never too late to start being more present and responsive. Your baby can still benefit greatly.
Why is it harmful to downplay a child's bullying experience,"It can lead to feelings of isolation, self-doubt, and increase the emotional impact of the bullying."
How should I respond when my child tells me about bullying,"Stay calm, listen attentively, validate their feelings, and reassure them they are not alone."
What actions should I take if bullying is happening at school,"Document incidents, communicate with teachers or administrators, and advocate for your childÃ•s safety."
Can bullying affect a child's long-term mental health,"Yes. It can contribute to anxiety, depression, low self-esteem, and trust issues."
How can I empower my child without encouraging retaliation,"Teach assertiveness skills, role-play responses, and build their confidence through supportive relationships."
Should I involve my child in problem-solving,Yes. Involving them helps them feel heard and builds coping and decision-making skills.
How can schools support bullied children effectively,"By enforcing anti-bullying policies, creating a safe environment, and fostering peer support systems."
What should I avoid saying to a child being bullied,"Avoid saying 'just toughen up,' 'ignore it,' or 'you must have done something to cause it.' These responses dismiss their pain."
